INSERT INTO base_user (id, name, username, password, email, phone_number, image_profile, created_user, authority) VALUES
(1, 'client1', 'client1', '$2a$10$bQCIA7E2i4469olxpfn9keJqj22QmiDRZHQ2JbAKWUgYLK7ZgAnae', 'client1@gmail.com', '600619217', '/images/pic.jpg', '2025-03-06', 'CLIENT'),
(2, 'Jeenii', 'jeenni', '$2a$10$Kpe6DPMrQ3cVvUX7InB/C.l556UiudzbjVt/u/fhejE5l.hBW6FZi', 'reinapata20@gmail.com', '123456789', '/images/pic2.jpg', '2025-03-06', 'CLIENT'),
(3, 'Emilio', 'emilio', '$2a$10$14GTyUA2jImRAIvh9p9yNe.2DC818K1/y7CX9VP3hWp4L5gnr9oeS', 'emilio.esp99@gmail.com', '123456789', '/images/pic3.jpg', '2025-03-06', 'CLIENT'),
(4, 'Rafael', 'rafael', '$2a$10$VnAjVwBaTBSA7pQdjKh5TO4yZOntRUHZHnk8CQg4ecsjsPnSj4U4m', 'dekker.rafa@gmail.com', '123456789', '/images/pic4.jpg', '2025-03-06', 'CLIENT'),
(5, 'Felix', 'felix', '$2a$10$9.MybxxeKNeN/EpqKZ72OOuGnMqjoDZAz3/GNysTK/yNplP6TuGNW', 'felixsv26@gmail.com', '123456789', '/images/pic5.jpg', '2025-03-06', 'CLIENT'),
(6, 'Raúl', 'raul', '$2a$10$UTlOxphWadZOLw7WyuRMZegeadUMTxkrImo0M3jEcP8rXCfgKHSAu', 'raullebone@gmail.com', '123456789', '/images/pic6.jpg', '2025-03-06', 'CLIENT'),
(7,'Joker', 'joker', '$2a$10$ZPprl2mnySEypC2uXfI2ZOr4Erfex0eZnV9rz9I.6aWLKGqCzn5Gy', 'jokerin.escuchame@gmail.com', '123456789', '/images/pic23.jpg', '2025-03-06', 'CLIENT'),
(8,'Lucas', 'lucas', '$2a$10$R7RUXA5hFWoiQBv86OMum.XIwT8yAoStHGm4Nq8IKDPPdZhyIUjlG', 'lmherencia2003@gmail.com', '123456789', '/images/pic8.jpg', '2025-03-06', 'CLIENT'),
(9,'Horacio', 'horacio', '$2a$10$27jxOLz1ZiW5JenEP9mAHuUIqqC4ikcpKivs7RctrL./oa6744XBG', 'geko.hor@gmail.com', '123456789', '/images/pic9.jpg', '2025-03-06', 'CLIENT'),
(10,'Simón', 'simon', '$2a$10$EGnjDiPAHjWq4gqGuHCELu.7dTZC8QfWDomw2U1zqaU2W0zTLWo8y', 'simoncgs03@gmail.com', '123456789', '/images/pic10.jpg', '2025-03-06', 'CLIENT'),
(12,'Javier', 'javies_pacheco', '$2a$10$jUmsF51W4XktY/h5f8No7OK7N9k4/hEjLq./Fu5WaU64cCqa5UoTW', 'pachecomarquezjavier@gmail.com', '123456789', '/images/pic11.jpg', '2025-03-06', 'CLIENT'),
(13,'Henrique', 'henrique', '$2a$10$l7lEAGJeP9XKgnG4tR.eFu5urKYqlorQ473Xw7cMP28VCZSgxWvR6', 'henrique.rebolho@gmail.com', '123456789', '/images/pic12.jpg', '2025-03-06', 'CLIENT'),
(14,'Keegan', 'kaegan', '$2a$10$JMGNjw7FCRg93OpzaNcyoOU487HNsWGA.60t7.tHJR3NjP7YbZinC', 'Kcullen3289@gmail.com', '123456789', '/images/pic13.jpg', '2025-03-06', 'CLIENT'),
(15,'Carlos', 'carlos', '$2a$10$oLfqIC4SCGAyEbQCzotpE..g/Yl97IXk0bJZfIrdIR7NQPavaL9ci', 'carlosperezsanchez199@gmail.com', '123456789', '/images/pic14.jpg', '2025-03-06', 'CLIENT'),
(16,'Milagros', 'milagros', '$2a$10$2Dhx/WnQ35ZOC09L7771h.HoEcxCHS/ZXdxN1IWWWAqxKWzDV1Auy', 'milagros.huerta@gm.uca.es', '123456789', '/images/pic15.jpg', '2025-03-06', 'CLIENT'),
(17,'Patricia', 'patricia', '$2a$10$QGdv6Hh.wwbjZYGnKE0KmudCtbJY14UdUWeRRgIgFlVtSncAQ1ATC', 'kaleta1979@gmail.com', '123456789', '/images/pic16.jpg', '2025-03-06', 'CLIENT'),
(18,'Daniel', 'daniel_client', '$2a$10$cVAYXIe9J0UqKLI167aQbei83EPxPG8gunT3LiV8PM5ANzBYws2jm', 'megamagolas@gmail.com', '663522963', '/images/pic17.jpg', '2025-03-06', 'CLIENT'),
(19,'Rafael', 'rafaelduque_client', '$2a$10$rJ3r.6r0SxZSSDCCyBS7Oeqz.7sklbP2s7B7fzRor0.4l.RjCQvZm', 'rafduqcol@alum.us.es', '722675760', '/images/pic18.jpg', '2025-03-06', 'CLIENT'),
(20,'Rafael', 'rafaelcastillo_client', '$2a$10$9zB4idpob/xWZc6YybjG5OqCtB3C.Pp/EOFUdPzCzHqkNPezKlRqK', 'rafaelcastillocebolla@gmail.com', '671168164', '/images/pic19.jpg', '2025-03-06', 'CLIENT'),
(21,'Mohamed', 'mohamed_client', '$2a$10$RoYUv2ZWK/kYWrr59P92AuUlo5Dali9oT7anSHOxjTx0Gj1bbvcqa', 'mohmmedabourihhh@gmail.com', '602171961', '/images/pic20.jpg', '2025-03-06', 'CLIENT'),
(22,'Enrique', 'enrique_client', '$2a$10$8D6HccaHzR8D4.nsE6RKCOTXD7TwDmsU0tnoL7I1MpeQUwqM.Iqh2', 'kiquegaraba@gmail.com', '600619217', '/images/pic21.jpg', '2025-03-06', 'CLIENT'),
(23,'artist1', 'artist1', '$2a$10$.MO2C8rJV3d1pUitY0VV2.Oq7Sb5fquMZdHtFzBreBhc6DQkhpeXG', 'artist1@gmail.com', '1234567890', '/images/pic22.jpg', '2025-03-06', 'ARTIST'),
(24,'Braulio', 'braulio', '$2a$10$ssldt91myREpm9HybH8Fjel0lBkM7kUrN4f4Mq7rIcR850lTT5FOG', 'braulioolmedo116@gmail.com', '1234567890', '/images/pic7.jpg', '2025-03-06', 'ARTIST'),
(25,'Claudia', 'claudia','$2a$10$./BmsEgDLEnmNHvE2IzVw.R0OHV9Mx/C472kYE2m.UXS3tvJ.ucLK', 'xlaequis@gmail.com', '1234567890', '/images/pic24.jpg', '2025-03-06', 'ARTIST'),
(26,'Miriam', 'miriam','$2a$10$NNCTIIupNB4bwGoopiJIyeuQEfTs83e5OMwVyhK2pfgA1QmUsZ88C', 'urownmailblik@gmail.com', '1234567890','/images/pic25.jpg', '2025-03-06', 'ARTIST'),
(27,'Paola', 'paola','$2a$10$U1f34nC6FMdpRR2MARmuSe2z2HtzDCGw2O2gAVlbk21SJCGGikowG', 'pao.saaval@gmail.com', '1234567890','/images/pic26.jpg', '2025-03-06', 'ARTIST'),
(28,'Victor', 'victor','$2a$10$sYswSMxvEOywMhyWaC0bt.O.uPTnSyzxAT92rz/qvTmNOlG4N8nEe', 'jsjxhwjifyhyyy@gmail.com', '1234567890','/images/pic27.jpg', '2025-03-06', 'ARTIST'),
(29,'Yellow', 'yellow','$2a$10$KN.AZMXZq9LuaTbwJDn3JuH64f7VdY2yV0EAn.YX2sI3Sa5I5pZXK', 'yell0w.4rtist@gmail.com', '1234567890','/images/pic28.jpg', '2025-03-06', 'ARTIST'),
(30,'Alex', 'alex','$2a$10$XX3Txv49mAAxtWbcqhjQyu5Ha9PeilkSoNkCkfvDMYSxZsm2t0uxS', 'vsandoval.gd@gmail.com', '1234567890','/images/pic29.jpg', '2025-03-06', 'ARTIST'),
(31,'Patricia', 'peu','$2a$10$iYEVysKxOQ8mQRfO5Mbh9eykOtZawl4XdiVyUBzD08RxCdEsyFzTW', 'linkaris95@gmail.com', '1234567890','/images/pic30.jpg', '2025-03-06', 'ARTIST'),
(32,'Izzy', 'izzy','$2a$10$aSFqJY0l/WP5eIveiCytD..v9EoxIWpKGovaIbrupkq1DjWQlbacG', 'artofiz.comms@gmail.com', '1234567890','/images/pic31.jpg', '2025-03-06', 'ARTIST'),
(33,'Gabriela', 'gabriela','$2a$10$0JsCTov5IDQR2nJvQARKneL1KB6SCdjr1PvGQ88tP5qJvhsT.Z6fa', 'meowm7512@gmail.com', '1234567890','/images/pic32.jpg', '2025-03-06', 'ARTIST'),
(34,'Alex', 'tesla','$2a$10$Te1gPC9ZOBrsDJ71XphYr.5TbBMgqqea2hRV33u4yE2OB9JfovC96', 'soloparainformatica23@gmail.com', '1234567890','/images/pic33.jpg', '2025-03-06', 'ARTIST'),
(35,'Gurutze', 'churros','$2a$10$tk9XOUj.3AiCREPRF70xUOp4ExXn4AGpF5yad5ewzCuuug7IGJuqO', 'gurutze.contact@gmail.com', '1234567890','/images/pic34.jpg', '2025-03-06', 'ARTIST'),
(36,'Damaris', 'damaris','$2a$10$rhUAtnuv7WqW4ufo/a.wkeOzHco2GFWXsvx6WBC.fZdi0swbCERf6', 'damaris.narvaezjimenez@gmail.com', '1234567890','/images/pic35.jpg', '2025-03-06', 'ARTIST'),
(37,'Sofia', 'rata','$2a$10$4sJMWhxkUDrI4M.uAQ228OM8vYf/wBcJCctAqA.nZXRMgygH02mAy', 'already.dead.baby@gmail.com', '1234567890','/images/pic36.jpg', '2025-03-06', 'ARTIST'),
(38,'Daniel', 'daniel_artist','$2a$10$x5PArdGNz86t6sqYpM.URevvy/.wE4OYgnGcmcKdmclTf3myUXnGu', 'megamagolas2@gmail.com', '663522963', '/images/pic37.jpg', '2025-03-06', 'ARTIST'),
(39,'Rafael', 'rafaelduque_artist','$2a$10$QP6LWLpPFKowv.s67KpaM.w2w0g.hiz3UfW2QcQyqlI7ovWxDr1XK', 'rafduqcol2@alum.us.es', '722675760','/images/pic38.jpg', '2025-03-06', 'ARTIST'),
(40,'Rafael', 'rafaelcastillo_artist','$2a$10$KHEzZb0ioIjGoAYqvUX6G.5q6apcUxxMCY.dLXpnTgZnuFjkMLfdG', 'rafaelcastillocebolla2@gmail.com', '671168164','/images/pic39.jpg', '2025-03-06', 'ARTIST'),
(41,'Mohamed', 'mohamed_artist','$2a$10$/xzsXNtwVMPX4eIu1coLYeBWvN7DDMiuzAE39B3M3fCt1SvVPo73u', 'mohmmedabourihhh2@gmail.com', '602171961','/images/pic40.jpg', '2025-03-06', 'ARTIST'),
(42,'Enrique', 'enrique_artist','$2a$10$tbDdopmXHspY4l2iTHMJl.wFf/btZGataJBHRRdenrDHRSsHh/GlC', 'kiquegaraba2@gmail.com', '600619217','/images/pic41.jpg', '2025-03-06', 'ARTIST'),
(43, 'admin1', 'admin1', '$2b$10$OHjdYNE5IRkwWb5R1NtPGeIyb2l8xShgxjIZHG7bZn1WI3jfIntRi', 'admin1@gmail.com', '600619217', '/images/pic42.jpg', '2025-03-06', 'ADMIN'),
(44, 'ArtistaPremium', 'premium_artist', '$2a$12$Rei2PsecjBwwGRyHPAuNPu0xPnLf9cTFh1mXfa3HKpP/LQ5Pah1di','premium.artist@example.com', '600123456','/images/pic43.jpg','2025-04-05', 'ARTIST_PREMIUM');

INSERT INTO clients (id, base_user_id, stripe_customer_id) VALUES
(1, 1, "cus_SEDWqV6dsQHxkY"),
(2, 2, "cus_SEDWqV6dsQHxkY"),
(3, 3, "cus_SEDWqV6dsQHxkY"),
(4, 4, "cus_SEDWqV6dsQHxkY"),
(5, 5, "cus_SEDWqV6dsQHxkY"),
(6, 6, "cus_SEDWqV6dsQHxkY"),
(7, 7, "cus_SEDWqV6dsQHxkY"),
(8, 8, "cus_SEDWqV6dsQHxkY"),
(9, 9, "cus_SEDWqV6dsQHxkY"),
(10, 10, "cus_SEDWqV6dsQHxkY"),
(12, 12, "cus_SEDWqV6dsQHxkY"),
(13, 13, "cus_SEDWqV6dsQHxkY"),
(14, 14, "cus_SEDWqV6dsQHxkY"),
(15, 15, "cus_SEDWqV6dsQHxkY"),
(16, 16, "cus_SEDWqV6dsQHxkY"),
(17, 17, "cus_SEDWqV6dsQHxkY"),
(18, 18, "cus_SEDWqV6dsQHxkY"),
(19, 19, "cus_SEDWqV6dsQHxkY"),
(20, 20, "cus_SEDWqV6dsQHxkY"),
(21, 21, "cus_SEDWqV6dsQHxkY"),
(22, 22, "cus_SEDWqV6dsQHxkY");

INSERT INTO artists (id, num_slots_of_work, table_commisions_price, base_user_id, seller_account_id, subscription_id) VALUES 
(1, 2, '/images/tc5.jpg', 23, 'acct_1RA6GE03CzX7Ta5S', NULL),
(2, 2, '/images/tc12.jpg', 24, 'acct_1RAXaVP8d284pnW4', NULL),
(3, 2, '/images/tc8.jpg', 25, 'acct_1RAXec00roPwXDq1', NULL),
(4, 2, '/images/tc3.jpg', 26, 'acct_1RAXgx02AxEEQfuI', NULL),
(5, 2, '/images/tc15.jpg', 27, 'acct_1RAXiu00RzmoEgr2', NULL),
(6, 2, '/images/tc1.jpg', 28, 'acct_1RAXlm03cHhWXhaE', NULL),
(7, 2, '/images/tc18.jpg', 29, 'acct_1RAXpJ09JGkADaEd', NULL),
(8, 2, '/images/tc7.jpg', 30, 'acct_1RAXwy07hwKP6viu', NULL),
(9, 2, '/images/tc20.jpg', 31, 'acct_1RAXze09aP4JLLUr', NULL),
(10, 2, '/images/tc4.jpg', 32, 'acct_1RAY1qP5XYoYQM1x', NULL),
(11, 2, '/images/tc9.jpg', 33, 'acct_1RAY3K1ptjZFG2hL', NULL),
(12, 2, '/images/tc14.jpg', 34, 'acct_1RAY9MP1hyAdt5np', NULL),
(13, 2, '/images/tc2.jpg', 35, 'acct_1RAYByP4gcDVOdqy', NULL),
(14, 2, '/images/tc11.jpg', 36, 'acct_1RAYDn021PnWv8yO', NULL),
(15, 2, '/images/tc6.jpg', 37, 'acct_1RAYGn00qCQlgwcH', NULL),
(16, 2, '/images/tc19.jpg', 38, 'acct_1RAYfB04PQ0lPkkt', NULL),
(17, 2, '/images/tc13.jpg', 39, 'acct_1RAYJM07g4jOYAme', NULL),
(18, 2, '/images/tc10.jpg', 40, 'acct_1RAYLY09DOHMpTCn', NULL),
(19, 2, '/images/tc16.jpg', 41, 'acct_1RAYNyP9Gll65TID', NULL),
(20, 2, '/images/tc21.jpg', 42, 'acct_1RAYPc06rGA4SaEh', NULL),
(21, 2, '/images/tc17.jpg', 44, 'acct_1RAYPc06rGA4SaEh', 'sub_1RK0HRP7ypDsDd4Vd4EgStNp');

INSERT INTO categories (id, name, description, image) VALUES
(1, 'Painting', 'Artworks created using paint on a surface', '/images/painting_category.jpg'),
(2, 'Digital Art', 'Artworks made using digital tools', '/images/digital_art_category.jpg'),
(3, 'Sculpture', 'Three-dimensional artworks created by shaping materials', '/images/sculture_art_category.jpg');


INSERT INTO works_done(id, artist_id, name, description, price, image) VALUES 
(200, 1, 'Sunset Serenity', 'A tranquil sunset over a calm landscape', 150.0, '/images/819.jpg'), 
(201, 1, 'VIKTOR', 'viktor from arcane', 200.0, '/images/viktor.jpg'), 
(202, 1, 'Wolf couple', 'Couple', 300.0, '/images/warm tenderness.jpg'), 
(203, 1, 'Tree Spring', 'Beatufil spring tree', 180.0, '/images/TreeStock.jpg'),
(204, 1, 'Neighbour', 'Neighbour and mc', 120.0, '/images/TreeHouse.jpg'),
(205, 2, 'Map', 'Map texture', 150.0, '/images/old_map.png'), 
(206, 2, 'Ocean Bliss', 'A calming ocean scene with gentle waves', 200.0, '/images/ocean_waves.jpg'), 
(207, 3, 'Starry Night Reimagined', 'A creative reinterpretation of Van Gogh`s masterpiece', 300.0, '/images/starry_night_replica.jpg'), 
(208, 3, 'Abstract Flow', 'A dynamic and colorful abstract artwork', 180.0, '/images/abstract_art.jpg'),
(209, 4, 'Portrait', 'Portrait of a guy', 120.0, '/images/cesar.jpg'),
(210, 4, 'Sunset Glow', 'A captivating sunset with glowing colors', 150.0, '/images/sunset_painting.jpg'), 
(211, 5, 'Rayquaza', 'Epic rayquaza fanart', 200.0, '/images/rayquaza.jpg'), 
(212, 5, 'Golden Hour', 'A serene moment captured during the golden hour', 300.0, '/images/Golden Hour.jpg'), 
(213, 6, 'Abstract Collapse', 'A thought-provoking abstract piece with depth', 180.0, '/images/Collapsed.jpg'),
(214, 6, 'Cup of Serenity', 'A realistic artwork featuring a peaceful cup', 120.0, '/images/cup.jpg');

INSERT INTO status_kanban_order (id, artist_id, name, order_in_kanban, description, color) VALUES 
(1, 1, 'Concept', 1, 'Initial concept phase', '#FF5733'),
(2, 1, 'Drafting', 2, 'Creating initial drafts', '#33FF57'),
(3, 1, 'Finalizing', 3, 'Finalizing the artwork', '#3357FF'),
(4, 1, 'Showcase', 4, 'Preparing for showcase', '#F1C40F'),

(5, 2, 'Ideas', 1, 'Brainstorming ideas', '#8E44AD'),
(6, 2, 'Sketch', 2, 'Sketching the artwork', '#FFAA33'),
(7, 2, 'Coloring', 3, 'Adding colors', '#33A8FF'),
(8, 2, 'Review', 4, 'Reviewing the final piece', '#A833FF'),

(9, 3, 'Planning', 1, 'Planning the project', '#FF338A'),
(10, 3, 'Execution', 2, 'Executing the plan', '#FFC300'),
(11, 3, 'Polishing', 3, 'Polishing the details', '#33FFA8'),

(12, 4, 'To Do', 1, 'Tasks to start', '#FF5733'),
(13, 4, 'In Progress', 2, 'Currently working on', '#33FF57'),
(14, 4, 'Completed', 3, 'Finished tasks', '#F1C40F'),

(15, 5, 'Research', 1, 'Researching references', '#8E44AD'),
(16, 5, 'Draft', 2, 'Creating drafts', '#FFAA33'),
(17, 5, 'Final Touch', 3, 'Adding final touches', '#33A8FF'),

(18, 6, 'Conceptualizing', 1, 'Conceptualizing ideas', '#A833FF'),
(19, 6, 'Sketching', 2, 'Sketching the artwork', '#FF338A'),
(20, 6, 'Coloring', 3, 'Applying colors', '#FFC300'),
(21, 6, 'Final Review', 4, 'Final review before completion', '#33FFA8'),

(22, 7, 'Brainstorm', 1, 'Brainstorming ideas', '#FF5733'),
(23, 7, 'Outline', 2, 'Creating outlines', '#33FF57'),
(24, 7, 'Detailing', 3, 'Adding details', '#3357FF'),
(25, 7, 'Publishing', 4, 'Publishing the artwork', '#F1C40F'),

(26, 8, 'Idea Phase', 1, 'Generating ideas', '#8E44AD'),
(27, 8, 'Drafting', 2, 'Drafting the artwork', '#FFAA33'),
(28, 8, 'Finalizing', 3, 'Finalizing the piece', '#33A8FF'),

(29, 9, 'Preparation', 1, 'Preparing materials', '#A833FF'),
(30, 9, 'Execution', 2, 'Executing the plan', '#FF338A'),
(31, 9, 'Completion', 3, 'Completing the artwork', '#FFC300'),

(32, 10, 'Concept', 1, 'Conceptualizing the idea', '#33FFA8'),
(33, 10, 'Sketch', 2, 'Sketching the concept', '#FF5733'),
(34, 10, 'Coloring', 3, 'Adding colors to the artwork', '#33FF57'),
(35, 10, 'Final Review', 4, 'Final review before publishing', '#3357FF');

-- Comisiones para el Artista 1(ID 1)
INSERT INTO commisions (id, artist_id, name, description, price, client_id, status, accepted_date_by_artist, payment_arrangement, status_kanban_order_id, total_payments, current_payments, is_waiting_payment, setup_intent_id,image) VALUES
(1, 1, 'Golden Sunset', 'A breathtaking golden sunset over a serene landscape', 220.0, 12, 'REQUESTED', '2025-03-14', 'FIFTYFIFTY', NULL, 2, 0, true, NULL, '/images/sunset.jpg');

-- Comisiones para el Artista 2(ID 2)
INSERT INTO commisions (id, artist_id, name, description, price, client_id, status, accepted_date_by_artist, payment_arrangement, status_kanban_order_id, total_payments, current_payments, is_waiting_payment, setup_intent_id,image) VALUES
(2, 2, 'Zelda Tribute', 'A tribute artwork inspired by the Zelda universe', 180.0, 1, 'ENDED', '2025-03-01', 'INITIAL', 11, 1, 1, false, NULL, '/images/zelda.jpg');

-- Comisiones para el Artista 3(ID 3)
INSERT INTO commisions (id, artist_id, name, description, price, client_id, status, accepted_date_by_artist, payment_arrangement, status_kanban_order_id, total_payments, current_payments, is_waiting_payment, setup_intent_id,image) VALUES
(3, 3, 'Avatar Aang', 'A vibrant depiction of Avatar Aang in action', 230.0, 1, 'REQUESTED', '2025-03-30', 'FIFTYFIFTY', NULL, 2, 0, true, NULL, '/images/avatarAang.jpg');

-- Comisiones para el Artista 4(ID 4)
INSERT INTO commisions (id, artist_id, name, description, price, client_id, status, accepted_date_by_artist, payment_arrangement, status_kanban_order_id, total_payments, current_payments, is_waiting_payment, setup_intent_id,image) VALUES
(4, 4, 'Chicken Portrait', 'A detailed and artistic portrait of a chicken', 210.0, 1, 'REQUESTED', '2025-04-07', 'FINAL', NULL, 1, 0, false, NULL, '/images/chicken.jpg');

-- Comisiones para el Artista 5 (ID 5)
INSERT INTO commisions (id, artist_id, name, description, price, client_id, status, accepted_date_by_artist, payment_arrangement, status_kanban_order_id, total_payments, current_payments, is_waiting_payment, setup_intent_id,image) VALUES
(5, 5, 'Environmental Awareness', 'An artwork highlighting environmental contamination', 240.0, 1, 'REQUESTED', '2025-04-15', 'FINAL', NULL, 1, 0, false, NULL, '/images/contamination.jpg');

-- Comisiones para el Artista 6 (ID 6)
INSERT INTO commisions (id, artist_id, name, description, price, client_id, status, accepted_date_by_artist, payment_arrangement, status_kanban_order_id, total_payments, current_payments, is_waiting_payment, setup_intent_id,image) VALUES
(6, 6, 'Creative Drafts', 'A collection of creative drafts and sketches', 260.0, 1, 'REQUESTED', '2025-04-23', 'FINAL', NULL, 1, 0, false, NULL, '/images/drafts.jpg');

-- Comisiones para el Artista 7 (ID 7)
INSERT INTO commisions (id, artist_id, name, description, price, client_id, status, accepted_date_by_artist, payment_arrangement, status_kanban_order_id, total_payments, current_payments, is_waiting_payment, setup_intent_id,image) VALUES
(7, 7, 'Jinx Fanart', 'A dynamic fanart of Jinx from Arcane', 240.0, 1, 'REQUESTED', '2025-05-01', 'FIFTYFIFTY', NULL, 2, 0, false, NULL,'/images/jinx.jpg');

-- Comisiones para el Artista 8 (ID 8)
INSERT INTO commisions (id, artist_id, name, description, price, client_id, status, accepted_date_by_artist, payment_arrangement, status_kanban_order_id, total_payments, current_payments, is_waiting_payment, setup_intent_id,image) VALUES
(8, 8, 'Astronaut Adventure', 'An imaginative depiction of an astronaut exploring space', 270.0, 1, 'REQUESTED', '2025-05-09', 'FINAL', NULL, 1, 0, false, NULL, '/images/astronaut.jpg');

-- Comisiones para el Artista 9 (ID 9)
INSERT INTO commisions (id, artist_id, name, description, price, client_id, status, accepted_date_by_artist, payment_arrangement, status_kanban_order_id, total_payments, current_payments, is_waiting_payment, setup_intent_id,image) VALUES
(9, 9, 'Majestic Peaks', 'A stunning view of snow-capped mountain peaks', 320.0, 1, 'REQUESTED', '2025-05-17', 'FINAL', NULL, 1, 0, false, NULL, '/images/pic44.jpg');

-- Comisiones para el Artista 10 (ID 10)
INSERT INTO commisions (id, artist_id, name, description, price, client_id, status, accepted_date_by_artist, payment_arrangement, status_kanban_order_id, total_payments, current_payments, is_waiting_payment, setup_intent_id,image) VALUES
(10, 10, 'Tropical Paradise', 'A serene tropical beach with crystal-clear waters', 280.0, 1, 'REQUESTED', '2025-05-25', 'FINAL', NULL, 1, 0, false, NULL, '/images/pic45.jpg');

-- Comisiones para el Artista 11 (ID 11)
INSERT INTO commisions (id, artist_id, name, description, price, client_id, status, accepted_date_by_artist, payment_arrangement, status_kanban_order_id, total_payments, current_payments, is_waiting_payment, setup_intent_id,image) VALUES
(11, 11, 'Miles Morales Tribute', 'A tribute artwork of Miles Morales from Spider-Man', 240.0, 1, 'REQUESTED', '2025-06-03', 'FIFTYFIFTY', NULL, 1, 0, false, NULL, '/images/miles.jpg');

-- Comisiones para el Artista 12 (ID 12)
INSERT INTO commisions (id, artist_id, name, description, price, client_id, status, accepted_date_by_artist, payment_arrangement, status_kanban_order_id, total_payments, current_payments, is_waiting_payment, setup_intent_id,image) VALUES
(12, 12, 'Gumball Fanart', 'A fun and colorful fanart of Gumball', 280.0, 1, 'REQUESTED', '2025-06-11', 'FINAL', NULL, 1, 0, false, NULL, '/images/gumball.jpg');

-- Comisiones para el Artista 13 (ID 13)
INSERT INTO commisions (id, artist_id, name, description, price, client_id, status, accepted_date_by_artist, payment_arrangement, status_kanban_order_id, total_payments, current_payments, is_waiting_payment, setup_intent_id,image) VALUES
(13, 13, 'Lilo & Stitch Tribute', 'A heartwarming tribute to Lilo & Stitch', 240.0, 1, 'REQUESTED', '2025-06-19', 'FINAL', NULL, 1, 0, false, NULL, '/images/lilo.jpg');

INSERT INTO artist_category(id,artist_id,category_id) VALUES
(1, 1, 1),
(2, 1, 2),
(3, 1, 3),
(4, 2, 1),
(5, 3, 1),
(6, 4, 2),
(7, 5, 1),
(8, 6, 2),
(9, 7, 2),
(10, 8, 1);


INSERT INTO work_category(id,category_id,work_id) VALUES
(1, 1, 1),
(2, 2, 2),
(3, 1, 3),
(4, 2, 4),
(5, 1, 5);

INSERT INTO report_types (id, type) VALUES 
(1, 'Uso de inteligencia artificial'),
(2, 'Robo de contenido'),
(3, 'ofensivo'),
(4, 'Acoso o abuso'),
(6, 'Otros');

INSERT INTO reports (id, name, description, status, made_by_id, reported_user_id, work_id, report_type_id) VALUES 
(1, 'AI Usage Concern', 'This artwork appears to have been generated using artificial intelligence without proper disclosure.', 'ACCEPTED', 1, 23, 200, 1),
(2, 'Content Theft', 'This work closely resembles another known piece, suggesting potential plagiarism.', 'PENDING', 3, 24, 201, 2),
(3, 'Offensive Language', 'The artist has been reported for using inappropriate language in communications.', 'ACCEPTED', 5, 25, 202, 3),
(4, 'Impersonation Suspicion', 'This user might be impersonating someone else, raising concerns about authenticity.', 'PENDING', 2, 26, 203, 4),
(5, 'Promotional Spam', 'The artwork description contains promotional links, which violates platform guidelines.', 'PENDING', 8, 27, 204, 1);
